Date,AAPL
2018-01-03,0.004634432133378
2018-01-04,0.011320895265714
2018-01-05,-0.0037211265910082
2018-01-08,-0.00011494649899
2018-01-09,-0.0002295581175492
2018-01-10,0.0056644568462066
2018-01-11,0.0102733411529022
2018-01-12,-0.0050949963427657
2018-01-16,0.0163812206661498
2018-01-17,0.0008926379280372
2018-01-18,-0.0044723678332666
2018-01-19,-0.0082152054954804
2018-01-22,0.0002262281807545
2018-01-23,-0.0160567939774006
2018-01-24,-0.018012527728197
2018-01-25,0.0023351159042237
2018-01-26,-0.0209156811469432
2018-01-29,-0.0059113722251744
2018-01-30,0.0027510075952853
2018-01-31,0.0020879180036077
2018-02-01,-0.0443594760874673
2018-02-02,-0.0253013808913226
2018-02-05,0.0409417026244906
2018-02-06,-0.0216396909229066
2018-02-07,-0.0279021789798661
2018-02-08,0.0121571358143556
2018-02-09,0.0394887884225175
2018-02-12,0.0099681156960761
2018-02-13,0.0182694009645775
2018-02-14,0.0330269295626228
2018-02-15,-0.0032422748247274
2018-02-16,-0.0033693313489728
2018-02-20,-0.0045492843841793
2018-02-21,0.0083244047821335
2018-02-22,0.0172415318305681
2018-02-23,0.0195795088223552
2018-02-26,-0.0032462810668864
2018-02-27,-0.0015149074917373
2018-02-28,-0.0176712976961444
2018-03-01,0.006890781981948
2018-03-02,0.0034552418215038
2018-03-05,-0.0008485705021292
2018-03-06,-0.0093262102154008
2018-03-07,0.0108537252894437
2018-03-08,0.0170347618526002
2018-03-09,0.0096215150443528
2018-03-12,-0.0096771433612394
2018-03-13,-0.0085376875592531
2018-03-14,0.001176367539877
2018-03-15,-0.003532988406305
2018-03-16,-0.0153969192175551
2018-03-19,-0.0003424515138402
2018-03-20,-0.0229152941609113
2018-03-21,-0.0142303499646921
2018-03-22,-0.0234286411868866
2018-03-23,0.0463790613465364
2018-03-26,-0.0259754938299749
2018-03-27,-0.0111104611376325
2018-03-28,0.0077785729261099
2018-03-29,-0.0065779090507454
2018-04-02,0.0102070221790086
2018-04-03,0.0189415417007904
2018-04-04,0.0069102744636577
2018-04-05,-0.0259110803370245
2018-04-06,0.0098691095123082
2018-04-09,0.0186428851795083
2018-04-10,-0.004686320114264
2018-04-11,0.009810264829061
2018-04-12,0.0033822118008003
2018-04-13,0.0062191438996652
2018-04-16,0.0136701454754354
2018-04-17,-0.0022468521425372
2018-04-18,-0.0287495081029525
2018-04-19,-0.0418351392481916
2018-04-20,-0.0029004158709084
2018-04-23,-0.0140171893761702
2018-04-24,0.0043479798518998
2018-04-25,0.0034770957095209
2018-04-26,-0.0116370801423765
2018-04-27,0.0179498726079749
2018-04-30,0.0229705147844608
2018-05-01,0.0432271390679513
2018-05-02,0.0018106763088238
2018-05-03,0.0384831520522521
2018-05-04,0.0072091442602186
2018-05-07,0.0047951466594592
2018-05-08,0.0070163007890605
2018-05-09,0.0142025925166588
2018-05-10,-0.0038106251993747
2018-05-11,-0.0023355111416769
2018-05-14,-0.0091300828460721
2018-05-15,0.0092891769068343
2018-05-16,-0.0063435854567133
2018-05-17,-0.0036434156664427
2018-05-18,0.0070603222942237
2018-05-21,-0.0025084474714267
2018-05-22,0.0063913083597794
2018-05-23,-0.0011152761201826
2018-05-24,0.0022827123620633
2018-05-25,-0.0036123823104376
2018-05-29,-0.0021310526452398
2018-05-30,-0.0033656485628233
2018-05-31,0.0178731709976051
2018-06-01,0.0083231530402837
2018-06-04,0.0076856757850292
2018-06-05,0.0034597998206082
2018-06-06,-0.0026842945616073
2018-06-07,-0.0091393913260972
2018-06-08,-0.0024545332609999
2018-06-11,0.0054757090722967
2018-06-12,-0.0082510397356849
2018-06-13,0.0005240322456612
2018-06-14,-0.0103256769064346
2018-06-15,-0.0005295584871012
2018-06-18,-0.0162919678995956
2018-06-19,0.0043528977070573
2018-06-20,-0.0055922015645714
2018-06-21,-0.0029158192111097
2018-06-22,-0.0149830360741161
2018-06-25,0.0123295459582287
2018-06-26,-0.0014648132557949
2018-06-27,0.007249726098017
2018-06-28,-0.0021044259058136
2018-06-29,0.0111204742670204
2018-07-02,-0.0175700452462223
2018-07-03,0.0080150755657884
2018-07-05,0.0137667505943574
2018-07-06,0.0137894839170508
2018-07-09,-0.0012074006857436
2018-07-10,-0.0130613534264855
2018-07-11,0.0166271539142365
2018-07-12,0.0015694924373921
2018-07-13,-0.0021977084086848
2018-07-16,0.0028242919918263
2018-07-17,-0.0054993443041661
2018-07-18,0.0077431766415593
2018-07-19,-0.0022958423576639
2018-07-20,0.0008877740027595
2018-07-23,0.0072279906000479
2018-07-24,0.009385722353526
2018-07-25,-0.0031357749201439
2018-07-26,-0.0167715291187722
2018-07-27,-0.0056183667473136
2018-07-30,0.0019990515594146
2018-07-31,0.0572397257027
2018-08-01,0.0288122342201663
2018-08-02,0.0028886778397331
2018-08-03,0.0051791648851835
2018-08-06,-0.0094190816942931
2018-08-07,0.0006758086555972
2018-08-08,0.0078341039228833
2018-08-09,-0.0029829300788966
2018-08-10,0.0064362420402819
2018-08-13,0.0042041391952368
2018-08-14,0.0023331512052257
2018-08-15,0.0145436442917986
2018-08-16,0.0197732387538235
2018-08-17,-0.0097912831126827
2018-08-20,-0.001951341958357
2018-08-21,4.674058857899389e-05
2018-08-22,0.0020439442995797
2018-08-23,0.0031043065330857
2018-08-24,0.0082007958214024
2018-08-27,0.0080431805531694
2018-08-28,0.01481899729238
2018-08-29,0.0091520205873581
2018-08-30,0.0114877178201953
2018-08-31,0.0032019152782386
2018-09-04,-0.0065462378267029
2018-09-05,-0.0167570935093505
2018-09-06,-0.0081011211967574
2018-09-07,-0.0135112671991496
2018-09-10,0.0249684434092385
2018-09-11,-0.0124966778360477
2018-09-12,0.0238681117220517
2018-09-13,-0.0114160486578183
2018-09-14,-0.026986919844698
2018-09-17,0.0016506654796327
2018-09-18,0.0005953759362126
2018-09-19,0.0075733325369337
2018-09-20,-0.0108297616651555
2018-09-21,0.0142777957272791
2018-09-24,0.0063209499373232
2018-09-25,-0.0079982084033835
2018-09-26,0.0203434962913726
2018-09-27,0.0035057627196068
2018-09-28,0.0067105272229131
2018-10-01,0.0088494157473669
2018-10-02,0.0120950598715123
2018-10-03,-0.017737142768819
2018-10-04,-0.016361990517091
2018-10-05,-0.0023211500177293
2018-10-08,0.0137584450145557
2018-10-09,-0.0474335297771913
2018-10-10,-0.0088669750965887
2018-10-11,0.0350959946336478
2018-10-12,-0.021617582156821
2018-10-15,0.0217977822360491
2018-10-16,-0.0043306531202111
2018-10-17,-0.0236513448571214
2018-10-18,0.0151154579158969
2018-10-19,0.0060913578225812
2018-10-22,0.0093825937754298
2018-10-23,-0.0349037013351686
2018-10-24,0.0216616028657727
2018-10-25,-0.0160519679365569
2018-10-26,-0.0189485236929802
2018-10-29,0.0049820089275789
2018-10-30,0.0257323984194764
2018-10-31,0.0152357709793696
2018-11-01,-0.0686330450548596
2018-11-02,-0.0287988504434368
2018-11-05,0.0107556224406764
2018-11-06,0.0298779802249192
2018-11-07,-0.003495433776801
2018-11-08,-0.0194700141681911
2018-11-09,-0.0516871596163321
2018-11-12,-0.010041464372439
2018-11-13,-0.0286539817463706
2018-11-14,0.0243794241550497
2018-11-15,0.0110146459034327
2018-11-16,-0.0404387874369504
2018-11-19,-0.0489568498743841
2018-11-20,-0.0011307442255437
2018-11-21,-0.0257270493863588
2018-11-23,0.0134329318361586
2018-11-26,-0.0021781300968926
2018-11-27,0.037731603017276
2018-11-28,-0.0077119082631579
2018-11-29,-0.0054167553132792
2018-11-30,0.0343459307004465
2018-12-03,-0.0449861478129357
2018-12-04,-0.0112119746479937
2018-12-06,-0.0363080752099025
2018-12-07,0.0065662348385375
2018-12-10,-0.0057356450520422
2018-12-11,0.0027828032298877
2018-12-12,0.0108811904642513
2018-12-13,-0.0325207036883234
2018-12-14,-0.0093498230844271
2018-12-17,0.0129089747137959
2018-12-18,-0.0316887513091391
2018-12-19,-0.0255583467189221
2018-12-20,-0.0396726257524309
2018-12-21,-0.026214417150148
2018-12-24,0.0680526117501866
2018-12-26,-0.006510723628775
2018-12-27,0.0005119033068506
2018-12-28,0.0096187094739854
2018-12-31,0.0011406041446414
2019-01-02,-0.1049242240992374
2019-01-03,0.0418033363573806
2019-01-04,-0.002228476018102
2019-01-07,0.0188838919509477
2019-01-08,0.0168389460509905
2019-01-09,0.0031908243650208
2019-01-10,-0.0098662329681059
2019-01-11,-0.015151335988111
2019-01-14,0.0202601200521051
2019-01-15,0.0121428721581641
2019-01-16,0.0059197806874052
2019-01-17,0.0061406680417359
2019-01-18,-0.0227019277629739
2019-01-22,0.0040361137965039
2019-01-23,-0.0079579114209947
2019-01-24,0.0326000431240897
2019-01-25,-0.0092979342557491
2019-01-28,-0.0104186727320334
2019-01-29,0.0661009035476838
2019-01-30,0.0071756224156238
2019-01-31,0.0004805526911876
2019-02-01,0.0280091357773566
2019-02-04,0.016964352446233
2019-02-05,0.000344883774496
2019-02-06,-0.0191211501080731
2019-02-07,0.0011743314685039
2019-02-08,-0.0057676639477002
2019-02-11,0.0085801458958981
2019-02-12,-0.0041631809154793
2019-02-13,0.0036366536122361
2019-02-14,-0.0022273353161349
2019-02-15,0.0029880355511627
2019-02-19,0.0064148236162502
2019-02-20,-0.0056544208451567
2019-02-21,0.0111038035852779
2019-02-22,0.0072578433346789
2019-02-25,0.0005741119404045
2019-02-26,0.0030925992352529
2019-02-27,-0.009884792880975
2019-02-28,0.0104563466959692
2019-03-01,0.0050170937231658
2019-03-04,-0.0018215944608321
2019-03-05,-0.0057707559001509
2019-03-06,-0.0116420167021946
2019-03-07,0.0023742139730463
2019-03-08,0.0340557042570742
2019-03-11,0.0111727318664804
2019-03-12,0.004412171663916
2019-03-13,0.0110553623876878
2019-03-14,0.0129241613301634
2019-03-15,0.0101568624479436
2019-03-18,-0.0079560273390376
2019-03-19,0.0087003448668152
2019-03-20,0.0361684416930599
2019-03-21,-0.0209258898247647
2019-03-22,-0.0121647784211573
2019-03-25,-0.01038545730314
2019-03-26,0.0089536828239142
2019-03-27,0.0013257433972598
2019-03-28,0.0064966303817328
2019-03-29,0.0067681616229389
2019-04-01,0.0144318682996792
2019-04-02,0.0068319626163953
2019-04-03,0.0017388660831593
2019-04-04,0.006671873238793
2019-04-05,0.0156134230593053
2019-04-08,-0.0030031718867089
2019-04-09,0.005598443202204
2019-04-10,-0.0083588470068714
2019-04-11,-0.0004020156207632
2019-04-12,0.0018084015835719
2019-04-15,0.0001004378851582
2019-04-16,0.0192857916032161
2019-04-17,0.0035872086071905
2019-04-18,0.003281378679184
2019-04-22,0.0143202537210158
2019-04-23,-0.0015436035459478
2019-04-24,-0.0091165430675518
2019-04-25,-0.0047855886993617
2019-04-26,0.0015164526080781
2019-04-29,-0.0194439104921594
2019-04-30,0.0479186574012089
2019-05-01,-0.0065287429885224
2019-05-02,0.0123545833018298
2019-05-03,-0.0155631316677286
2019-05-06,-0.0273271341521613
2019-05-07,0.0001971928316734
2019-05-08,-0.0108023896958668
2019-05-09,-0.0139502347597816
2019-05-10,-0.0598770046120626
2019-05-13,0.0157063795801628
2019-05-14,0.0119078495761636
2019-05-15,-0.0044090742768797
2019-05-16,-0.0056981160407119
2019-05-17,-0.0317690827919825
2019-05-20,0.0189891887446676
2019-05-21,-0.0206837202380525
2019-05-22,-0.0172173357279442
2019-05-23,-0.0038479154246427
2019-05-24,-0.0041435202487945
2019-05-28,-0.0047803826108219
2019-05-29,0.0051734697219823
2019-05-30,-0.0182820326257575
2019-05-31,-0.0101618265506268
2019-06-03,0.0359309785678843
2019-06-04,0.016014325460302
2019-06-05,0.0145754512028818
2019-06-06,0.0262684332203043
2019-06-07,0.0126983200907212
2019-06-10,0.011513230159
2019-06-11,-0.0031876334749457
2019-06-12,-0.000205987214573
2019-06-13,-0.0072887888508316
2019-06-14,0.005948754461065
2019-06-17,0.0232461298126437
2019-06-18,-0.0029267567285749
2019-06-19,0.0080034138966125
2019-06-20,-0.0034150538568103
2019-06-21,-0.001006636977447
2019-06-24,-0.0152736410469423
2019-06-25,0.0213983356356074
2019-06-26,-0.0003002395672441
2019-06-27,-0.0091537824798897
2019-06-28,0.0181746853938263
2019-07-01,0.0058375230609719
2019-07-02,0.0082527273150961
2019-07-03,-0.0008807386534984
2019-07-05,-0.0208296154406099
2019-07-08,0.0060808146298232
2019-07-09,0.0098399758536403
2019-07-10,-0.0073091921289365
2019-07-11,0.0076538541875941
2019-07-12,0.0093512502010339
2019-07-15,-0.0034661920560208
2019-07-16,-0.0056392461634296
2019-07-17,0.0112958005731296
2019-07-18,-0.0150400333090406
2019-07-19,0.0225964764808167
2019-07-22,0.007787547292407
2019-07-23,-0.0008145105240037
2019-07-24,-0.007938500107343
2019-07-25,0.0034719745824897
2019-07-26,0.0092950677821967
2019-07-29,-0.0043012730248333
2019-07-30,0.0201984893500042
2019-07-31,-0.02187646234549
2019-08-01,-0.0213854651786633
2019-08-02,-0.053767500922281
2019-08-05,0.0187533622469344
2019-08-06,0.0103022362911549
2019-08-07,0.0218160897749018
2019-08-08,-0.0082745475168878
2019-08-09,-0.0025407219905311
2019-08-12,0.0414762280961786
2019-08-13,-0.0302168798222989
2019-08-14,-0.0049941017197278
2019-08-15,0.0233208366831869
2019-08-16,0.018472384834164
2019-08-19,4.727912417578304e-05
2019-08-20,0.0107806532718881
2019-08-21,-0.0008472436704449
2019-08-22,-0.0473226679367729
2019-08-23,0.0188209698434719
2019-08-26,-0.0113480046580353
2019-08-27,0.0066881767732783
2019-08-28,0.0167900132373507
2019-08-29,-0.0012925790703285
2019-08-30,-0.0146706017921402
2019-09-03,0.0168240995517664
2019-09-04,0.0193629531219899
2019-09-05,-9.386175421994208e-05
2019-09-06,0.004257958424976
2019-09-09,0.0117438539395598
2019-09-10,0.0313001154920734
2019-09-11,-0.002238822910596
2019-09-12,-0.0196454965130928
2019-09-13,0.0052431384393445
2019-09-16,0.0036316362744602
2019-09-17,0.0093353628476916
2019-09-18,-0.008158155975196
2019-09-19,-0.014725921927308
2019-09-20,0.004536592723742
2019-09-23,-0.0047663938766999
2019-09-24,0.0152724682253585
2019-09-25,-0.0051711052410508
2019-09-26,-0.004877822092752
2019-09-27,0.0232625035670397
2019-09-30,0.0027645396958557
2019-10-01,-0.0253873157733984
2019-10-02,0.0084587352140535
2019-10-03,0.0276461536446118
2019-10-04,0.0002200775612588
2019-10-07,-0.0117840443946764
2019-10-08,0.0116519336915931
2019-10-09,0.0133885333938612
2019-10-10,0.0262505475824656
2019-10-11,-0.001440376997739
2019-10-14,-0.0023343119230701
2019-10-15,-0.004045260662552
2019-10-16,0.0038751128063555
2019-10-17,0.0047913350253237
2019-10-18,0.0171940114773329
2019-10-21,-0.0022894907804719
2019-10-22,0.013329626794586
2019-10-23,0.0016436207855478
2019-10-24,0.0122409880232935
2019-10-25,0.0099673951658998
2019-10-28,-0.0233995576757517
2019-10-29,-0.0001234928897648
2019-10-30,0.0223576067360248
2019-10-31,0.0279857913273337
2019-11-01,0.0065455627294788
2019-11-04,-0.0014377931087674
2019-11-05,0.0004275344476359
2019-11-06,0.0114751181422859
2019-11-07,0.0027332029507435
2019-11-08,0.0078877286636608
2019-11-11,-0.000915942173956
2019-11-12,0.0095361262250897
2019-11-13,-0.0069436250990782
2019-11-14,0.011809082670824
2019-11-15,0.0050298463457119
2019-11-18,-0.0030369744135455
2019-11-19,-0.0117102009555967
2019-11-20,-0.0044930796510307
2019-11-21,-0.0008783045622509
2019-11-22,0.0173816900651064
2019-11-25,-0.0078392799426293
2019-11-26,0.0133428069296848
2019-11-27,-0.0022054587212338
2019-11-29,-0.0116293384501478
2019-12-02,-0.0179909864175691
2019-12-03,0.0087875312782015
2019-12-04,0.0145644472191663
2019-12-05,0.0191319960467577
2019-12-06,-0.0140991064418768
2019-12-09,0.0058274984582648
2019-12-10,0.0084933422353774
2019-12-11,0.0025446074933731
2019-12-12,0.0135019856716093
2019-12-13,0.0169729178203008
2019-12-16,0.0019632860288892
2019-12-17,-0.0023922817772697
2019-12-18,0.0010009302139909
2019-12-19,-0.0020737152872819
2019-12-20,0.0161865899206639
2019-12-23,0.0009502630104778
2019-12-24,0.0196460338739753
2019-12-26,-0.0003792491938867
2019-12-27,0.0059172489369969
2019-12-30,0.0072801559157124
2019-12-31,0.022559840320136
2020-01-02,-0.0097692745775104
2020-01-03,0.0079366607367866
2020-01-06,-0.004714174062166
2020-01-07,0.0159579610771834
2020-01-08,0.0210184555978076
2020-01-09,0.0022580654920754
2020-01-10,0.0211396653868311
2020-01-13,-0.0135955943870419
2020-01-14,-0.0042948558185995
2020-01-15,0.0124490290748488
2020-01-16,0.0110099486134356
2020-01-17,-0.0067996373300088
2020-01-21,0.0035627606227647
2020-01-22,0.0048045558898135
2020-01-23,-0.0028860932269939
2020-01-24,-0.0298464187469141
2020-01-27,0.0278964457687513
2020-01-28,0.0207164767687161
2020-01-29,-0.0014501306642038
2020-01-30,-0.0453518561138324
2020-01-31,-0.0027498104919135
2020-02-03,0.0324801349813145
2020-02-04,0.0081211945546906
2020-02-05,0.0116292758677214
2020-02-06,-0.013686185592417
2020-02-07,0.0047384414000145
2020-02-10,-0.0060516488278874
2020-02-11,0.023470394801904
2020-02-12,-0.0071464928613689
2020-02-13,0.0002459983813865
2020-02-14,-0.0184800867343626
2020-02-18,0.0143788329225505
2020-02-19,-0.0103120383268811
2020-02-20,-0.0228951381115455
2020-02-21,-0.0486653598498594
2020-02-24,-0.0344591599529739
2020-02-25,0.0157388690029942
2020-02-26,-0.0676025182096826
2020-02-27,-0.0005849527913649
2020-02-28,0.0890180353019442
2020-03-02,-0.0322741074943675
2020-03-03,0.0453406383228527
2020-03-04,-0.0329746073479678
2020-03-05,-0.0133689974986034
2020-03-06,-0.0823953035010742
2020-03-09,0.0695459553868774
2020-03-10,-0.0353478655375215
2020-03-11,-0.1039776299628952
2020-03-12,0.1131573405761179
2020-03-13,-0.1377079217323826
2020-03-16,0.0430307650098467
2020-03-17,-0.0247845935143292
2020-03-18,-0.0076916995622626
2020-03-19,-0.0655902491237111
2020-03-20,-0.021473038588256
2020-03-23,0.0956060724367076
2020-03-24,-0.0055240954313893
2020-03-25,0.0512850495791465
2020-03-26,-0.0422835296473914
2020-03-27,0.0281381634517603
2020-03-30,-0.0020425798849337
2020-03-31,-0.0540521449768166
2020-04-01,0.0165490002793535
2020-04-02,-0.014475637294229
2020-04-03,0.0836402384522641
2020-04-06,-0.0116501308718602
2020-04-07,0.0252728941845221
2020-04-08,0.0071902110689614
2020-04-09,0.0194374649000203
2020-04-13,0.0492690449588349
2020-04-14,-0.0091695668782875
2020-04-15,0.007914736194524
2020-04-16,-0.0136616216376378
2020-04-17,-0.0209752717061821
2020-04-20,-0.0313977884637591
2020-04-21,0.0283963956958887
2020-04-22,-0.0038831508355271
2020-04-23,0.0284607650158646
2020-04-24,0.0007063997349352
2020-04-27,-0.0163422348232655
2020-04-28,0.0323174567375812
2020-04-29,0.0208764730022712
2020-04-30,-0.0162303873647885
2020-05-01,0.0140499161835085
2020-05-04,0.0148976203376853
2020-05-05,0.0102641105224532
2020-05-06,0.0102917728649707
2020-05-07,0.0235228315144387
2020-05-08,0.0156128967132102
2020-05-11,-0.0114942330994042
2020-05-12,-0.0121475888429419
2020-05-13,0.0061246716813429
2020-05-14,-0.0059294194047429
2020-05-15,0.0232876662987718
2020-05-18,-0.0057951773164441
2020-05-19,0.0192615923815225
2020-05-20,-0.0074832696421536
2020-05-21,0.0064176535474545
2020-05-22,-0.0067965302224569
2020-05-26,0.0043473491824693
2020-05-27,0.0004400258340999
2020-05-28,-0.0009745183804553
2020-05-29,0.0122228983507333
2020-06-01,0.0046188935062287
2020-06-02,0.0054900531471311
2020-06-03,-0.0086499623275646
2020-06-04,0.0280832741420643
2020-06-05,0.0058952304286119
2020-06-08,0.0310895569826683
2020-06-09,0.0254021087578865
2020-06-10,-0.0492012400304072
2020-06-11,0.0085963743746782
2020-06-12,0.0122912683345712
2020-06-15,0.0261572731970302
2020-06-16,-0.0013925930021268
2020-06-17,0.0003980432387018
2020-06-18,-0.0057308163361374
2020-06-19,0.0258270973369522
2020-06-22,0.0211202554117637
2020-06-23,-0.0178096894775995
2020-06-24,0.0131882561920232
2020-06-25,-0.0312076004701123
2020-06-26,0.0227848429392772
2020-06-29,0.0083130345639369
2020-06-30,-0.0018931903619526
2020-07-01,0.0
2020-07-02,0.0263985486157405
2020-07-06,-0.0031076562351172
2020-07-07,0.0230230234088256
2020-07-08,0.0042913047012827
2020-07-09,0.0017477715885979
2020-07-10,-0.0046240904619431
2020-07-13,0.0164132161973294
2020-07-14,0.0068535172561595
2020-07-15,-0.0123811607261234
2020-07-16,-0.0020222179482897
2020-07-17,0.0208548449141127
2020-07-20,-0.0138974949675215
2020-07-21,0.0028051515036731
2020-07-22,-0.0465850239060725
2020-07-23,-0.0024803425762254
2020-07-24,0.023423931096854
2020-07-27,-0.0165639736727952
2020-07-28,0.0189868786536715
2020-07-29,0.0120275701328166
2020-07-30,0.0995634952756456
2020-07-31,0.0248853274587882
2020-08-03,0.00665592284961
2020-08-04,0.003618354044242
2020-08-05,0.0342940069760462
2020-08-06,-0.0229978230531937
2020-08-07,0.0144301796385556
2020-08-10,-0.0301910719959946
2020-08-11,0.0326936300584814
2020-08-12,0.0175430634957207
2020-08-13,-0.0008917282283507
2020-08-14,-0.002614215538332
2020-08-17,0.0082983133260279
2020-08-18,0.0012537570304931
2020-08-19,0.0219470584955083
2020-08-20,0.050248558339448
2020-08-21,0.0118894859905068
2020-08-24,-0.0082376634562419
2020-08-25,0.0135074009535473
2020-08-26,-0.0120263119232586
2020-08-27,-0.001621176230546
2020-08-28,0.0333497735252806
2020-08-31,0.0390596302519359
2020-09-01,-0.0209360098807349
2020-09-02,-0.0834478081911329
2020-09-03,0.0006616653457282
2020-09-04,-0.0696662726034963
2020-09-08,0.0391114324819815
2020-09-09,-0.0331904289995805
2020-09-10,-0.0132157720150329
2020-09-11,0.0295587851958415
2020-09-14,0.0015594198445953
2020-09-15,-0.0299582852105787
2020-09-16,-0.0160921836728417
2020-09-17,-0.032234164652617
2020-09-18,0.0298751355375379
2020-09-21,0.0155932770029524
2020-09-22,-0.0428509664543566
2020-09-23,0.0102163419408948
2020-09-24,0.0368295775853512
2020-09-25,0.0235883857092163
2020-09-28,-0.007596724320276
2020-09-29,0.0149633371805228
2020-09-30,0.0084266918658167
2020-10-01,-0.0328127124126987
2020-10-02,0.030326639988464
2020-10-05,-0.0290884857384562
2020-10-06,0.0168246620757933
2020-10-07,-0.0009565189459871
2020-10-08,0.0172464194059653
2020-10-09,0.0615845404670916
2020-10-12,-0.0268852693153978
2020-10-13,0.0007427637045384
2020-10-14,-0.0039686874309048
2020-10-15,-0.0140993318663936
2020-10-16,-0.0258738789488297
2020-10-19,0.0131058985619811
2020-10-20,-0.0054612779147173
2020-10-21,-0.0096293935331877
2020-10-22,-0.0061528777385987
2020-10-23,8.676089287930496e-05
2020-10-26,0.0133824991233561
2020-10-27,-0.0474188598269764
2020-10-28,0.0363804973818101
2020-10-29,-0.0576481437759141
2020-10-30,-0.0008271442855946
2020-11-02,0.0152366999571045
2020-11-03,0.0400250666309531
2020-11-04,0.0348781453984172
2020-11-05,-0.0011365043723855
2020-11-06,-0.0201701646399294
2020-11-09,-0.0030135101987911
2020-11-10,0.0299012034771113
2020-11-11,-0.0023460680618741
2020-11-12,0.000419354010005
2020-11-13,0.0086826415843102
2020-11-16,-0.007593393377937
2020-11-17,-0.0114565651486458
2020-11-18,0.0051549355031234
2020-11-19,-0.0110179648781736
2020-11-20,-0.0301940843017193
2020-11-23,0.0115276735402845
2020-11-24,0.0074394181065418
2020-11-25,0.0048147823103582
2020-11-27,0.0208801264050762
2020-11-30,0.0303616661717823
2020-12-01,0.0029293366425517
2020-12-02,-0.0011380676848808
2020-12-03,-0.0056284018813954
2020-12-04,0.012195235334822
2020-12-07,0.0050779874778473
2020-12-08,-0.0211252005348344
2020-12-09,0.0119174483752393
2020-12-10,-0.0067575275843782
2020-12-11,-0.0051599207908611
2020-12-14,0.0488761882801129
2020-12-15,-0.000547544115624
2020-12-16,0.0069392918074231
2020-12-17,-0.0159777412314523
2020-12-18,0.0123192260576997
2020-12-21,0.0280668657958578
2020-12-22,-0.0070005286766026
2020-12-23,0.0076827335543814
2020-12-24,0.0351411332075897
2020-12-28,-0.0134043838086415
2020-12-29,-0.008562990774179
2020-12-30,-0.0077328096383251
2020-12-31,-0.0250300552613288
2021-01-04,0.0122879887593384
2021-01-05,-0.0342410412860275
2021-01-06,0.0335541354835509
2021-01-07,0.0085938918385855
2021-01-08,-0.023523221775123
2021-01-11,-0.001396660013357
2021-01-12,0.0160966165084738
2021-01-13,-0.0152428296813104
2021-01-14,-0.0138257915468227
2021-01-15,0.0054125722502803
2021-01-19,0.0323279112734325
2021-01-20,0.036002303471147
2021-01-21,0.0159460274051852
2021-01-22,0.0273076528542828
2021-01-25,0.0016778869131629
2021-01-26,-0.0077135306791945
2021-01-27,-0.0356117478348447
2021-01-28,-0.0381386236626639
2021-01-29,0.0163849761969575
2021-02-01,0.0063171145982291
2021-02-02,-0.0078090223256082
2021-02-03,0.0254314664674716
2021-02-04,-0.0031028684963591
2021-02-05,0.0010962162846142
2021-02-08,-0.0065957417108041
2021-02-09,-0.0045684169378784
2021-02-10,-0.0019222259912095
2021-02-11,0.0017743153560666
2021-02-12,-0.0162350697294645
2021-02-16,-0.0178017067379254
2021-02-17,-0.0086736516692125
2021-02-18,0.0012326178231031
2021-02-19,-0.0302519100968709
2021-02-22,-0.0011118879097014
2021-02-23,-0.0040602613035322
2021-02-24,-0.0354020741216451
2021-02-25,0.002229269550286
2021-02-26,0.0524513123640742
2021-03-01,-0.0211150186925011
2021-03-02,-0.0247605564879762
2021-03-03,-0.0159381810687242
2021-03-04,0.0106810292685745
2021-03-05,-0.0425667117254759
2021-03-08,0.0398451205198566
2021-03-09,-0.0092089369615396
2021-03-10,0.0163680495326386
2021-03-11,-0.0076549443497349
2021-03-12,0.0241627102986149
2021-03-15,0.0126624712406346
2021-03-16,-0.0064715248274798
2021-03-17,-0.0344930304038682
2021-03-18,-0.0044903524819321
2021-03-19,0.0279415661463574
2021-03-22,-0.0069125554253204
2021-03-23,-0.0201962556416835
2021-03-24,0.0041550952588042
2021-03-25,0.0051282461313802
2021-03-26,0.0014838413387054
2021-03-29,-0.0123503377189993
2021-03-30,0.0185917622225746
2021-03-31,0.0069344852899464
2021-04-01,0.0233036171693285
2021-04-05,0.0024592904862525
2021-04-06,0.0133014112685076
2021-04-07,0.0190511315971715
2021-04-08,0.0200496568554363
2021-04-09,-0.0133216535738217
2021-04-12,0.0240156244750991
2021-04-13,-0.0180141853974601
2021-04-14,0.0185351038653268
2021-04-15,-0.0025312184111568
2021-04-16,0.0050561622194873
2021-04-19,-0.0129133469652919
2021-04-20,0.0029256850118933
2021-04-21,-0.0117543322930082
2021-04-22,0.0178778810559807
2021-04-23,0.0029733967901378
2021-04-26,-0.0024525187364749
2021-04-27,-0.006045454211088
2021-04-28,-0.0007487424624176
2021-04-29,-0.0152493865121699
2021-04-30,0.0081820593226288
2021-05-03,-0.0360269736428197
2021-05-04,0.0019535987449773
2021-05-05,0.0127213909548858
2021-05-06,0.005313327072983
2021-05-07,-0.0261433880133466
2021-05-10,-0.0074379245744961
2021-05-11,-0.0252546900742751
2021-05-12,0.0177610279472033
2021-05-13,0.0196501481873094
2021-05-14,-0.00930141580348
2021-05-17,-0.0113095794769213
2021-05-18,-0.0012822952662381
2021-05-19,0.0207944486563545
2021-05-20,-0.0148771081254085
2021-05-21,0.0132261777124603
2021-05-24,-0.0015748321548796
2021-05-25,-0.000393957027629
2021-05-26,-0.012454090007933
2021-05-27,-0.0053624352251281
2021-05-28,-0.0026516694408846
2021-06-01,0.0062564814439799
2021-06-02,-0.0122286777090716
2021-06-03,0.0188435015589337
2021-06-04,7.945447728926065e-05
2021-06-07,0.00664976279903
2021-06-08,0.0030723522914578
2021-06-09,-0.0080555242345299
2021-06-10,0.009784799738615
2021-06-11,0.0242803831587484
2021-06-14,-0.0064584217170221
2021-06-15,0.0039263758747897
2021-06-16,0.0125218896699908
2021-06-17,-0.0101428806169674
2021-06-18,0.0140053853530571
2021-06-21,0.0126182714538323
2021-06-22,-0.0020918435991368
2021-06-23,-0.0021713218924218
2021-06-24,-0.0022511917418487
2021-06-25,0.012468099229615
2021-06-28,0.0114344713798585
2021-06-29,0.0046104667994727
2021-06-30,0.0022607380942423
2021-07-01,0.0194072368174065
2021-07-02,0.0146109387317549
2021-07-06,0.0177957729525922
2021-07-07,-0.0092421463239877
2021-07-08,0.0129707349126817
2021-07-09,-0.0042129335973655
2021-07-12,0.0078587763531373
2021-07-13,0.0238143132706936
2021-07-14,-0.0045021898483245
2021-07-15,-0.014176190204517
2021-07-16,-0.0272830766318958
2021-07-19,0.0256425446777868
2021-07-20,-0.0051449258316812
2021-07-21,0.009582564135354
2021-07-22,0.0119176784375907
2021-07-23,0.002890380387723
2021-07-26,-0.0150122857691883
2021-07-27,-0.0122710827889027
2021-07-28,0.0045422701653613
2021-07-29,0.0015090158218011
2021-07-30,-0.0023333304164141
2021-08-02,0.0125648581328187
2021-08-03,-0.0027865683080067
2021-08-04,0.0007484926274078
2021-08-05,-0.0047783927824309
2021-08-06,-0.0003421050103182
2021-08-09,-0.0033596531083303
2021-08-10,0.001783903642917
2021-08-11,0.0205605783623366
2021-08-12,0.0014096342431458
2021-08-13,0.0134567256739654
2021-08-16,-0.006172892089962
2021-08-17,-0.0258319126788481
2021-08-18,0.0023202174692613
2021-08-19,0.010105570996927
2021-08-20,0.0102049486676687
2021-08-23,-0.0006010364639304
2021-08-24,-0.0084571933245062
2021-08-25,-0.0055425134265537
2021-08-26,0.0071586308192036
2021-08-27,0.0299639774901992
2021-08-30,-0.0084603101592794
2021-08-31,0.0044685502164351
2021-09-01,0.0074470356820663
2021-09-02,0.0042219692496685
2021-09-03,0.0153699518377413
2021-09-07,-0.0101348167771191
2021-09-08,-0.0067270803599468
2021-09-09,-0.033662519000208
2021-09-10,0.0038863976475441
2021-09-13,-0.0096085343093875
2021-09-14,0.00612517550883
2021-09-15,-0.001611975380604
2021-09-16,-0.0185182780446675
2021-09-17,-0.02159238156655
2021-09-20,0.0034217398089601
2021-09-21,0.0167318612352332
2021-09-22,0.0066967042919673
2021-09-23,0.0006127729614709
2021-09-24,-0.0106058512352829
2021-09-27,-0.0240890940214154
2021-09-28,0.0064619597671571
2021-09-29,-0.0093553411796889
2021-09-30,0.0080942927415608
2021-10-01,-0.0249134048580949
2021-10-04,0.0140589074831574
2021-10-05,0.0062873767332024
2021-10-06,0.0090436663602334
2021-10-07,-0.0027260048372698
2021-10-08,-0.0006295790759673
2021-10-11,-0.0091447812389998
2021-10-12,-0.0042488609805926
2021-10-13,0.0200236786753318
2021-10-14,0.0074846357347377
2021-10-15,0.011737006979704
2021-10-18,0.0149675703315781
2021-10-19,0.0033553225806156
2021-10-20,0.001472753545703
2021-10-21,-0.0052988071790612
2021-10-22,-0.000336236981476
2021-10-25,0.0045640230849473
2021-10-26,-0.0031522298339161
2021-10-27,0.0246842502460743
2021-10-28,-0.0183223923132001
2021-10-29,-0.0056232867782924
2021-11-01,0.007090839355752
2021-11-02,0.0097511768407221
2021-11-03,-0.0035047314247573
2021-11-04,0.0035758192998732
2021-11-05,-0.005568281894291
2021-11-08,0.0024566342742222
2021-11-09,-0.0193493341698682
2021-11-10,-0.0003378116182016
2021-11-11,0.0142349785682929
2021-11-12,6.669966273362783e-05
2021-11-15,0.0066443952539986
2021-11-16,0.0163556487378163
2021-11-17,0.0281363482314467
2021-11-18,0.0168338313011108
2021-11-19,0.002922956446195
2021-11-22,0.0024191827688147
2021-11-23,0.0032782496000889
2021-11-24,-0.0321910853201868
2021-11-26,0.0216379511772533
2021-11-29,0.0310892771009915
2021-11-30,-0.0032116011711743
2021-12-01,-0.0061487042484729
2021-12-02,-0.0117933439361601
2021-12-03,0.0212746900072031
2021-12-06,0.034832486346224
2021-12-07,0.022527587409551
2021-12-08,-0.0029746130088614
2021-12-09,0.027628061119096
2021-12-10,-0.0208910513300228
2021-12-13,-0.0080553698115546
2021-12-14,0.0281102332497383
2021-12-15,-0.0400554332590081
2021-12-16,-0.0065228569319578
2021-12-17,-0.0081555445387915
2021-12-20,0.0189071902288765
2021-12-21,0.0152027781655968
2021-12-22,0.0036371874043587
2021-12-23,0.0227146705479898
2021-12-27,-0.0057838784165385
2021-12-28,0.0005019116830466
2021-12-29,-0.0065998490829724
2021-12-30,-0.0035418486390841
2021-12-31,0.0246968487763298
2022-01-03,-0.0127729513890814
2022-01-04,-0.0269599249262921
2022-01-05,-0.0168343726589049
2022-01-06,0.0009877959355403
2022-01-07,0.0001163017899504
2022-01-10,0.0166447150925465
2022-01-11,0.0025668053075097
2022-01-12,-0.0192115204000564
2022-01-13,0.0050977113872742
2022-01-14,-0.019075019316976
2022-01-18,-0.0212489593458007
2022-01-19,-0.0104010970778373
2022-01-20,-0.0128472738844199
2022-01-21,-0.0048757510827006
2022-01-24,-0.0114503635068805
2022-01-25,-0.0005632047475268
2022-01-26,-0.0029477282277805
2022-01-27,0.0674508063978018
2022-01-28,0.0257903661649851
2022-01-31,-0.0009729484489305
2022-02-01,0.0070193416399972
2022-02-02,-0.016860915268262
2022-02-03,-0.0016809005053576
2022-02-04,-0.0042434850887839
2022-02-07,0.0182981169255939
2022-02-08,0.0082596140707944
2022-02-09,-0.0238815944201136
2022-02-10,-0.020425812941434
2022-02-11,0.001422369774069
2022-02-14,0.0228884403153846
2022-02-15,-0.0013897096214695
2022-02-16,-0.021498730693915
2022-02-17,-0.0093999580606336
2022-02-18,-0.0179728514132705
2022-02-22,-0.026204310800889
2022-02-23,0.0165425186987398
2022-02-24,0.0128822436125992
2022-02-25,0.0016363185217068
2022-02-28,-0.0116961408308602
2022-03-01,0.0203793610728649
2022-03-02,-0.0019833102534006
2022-03-03,-0.0185798376150723
2022-03-04,-0.0240033427642653
2022-03-07,-0.0117448016238535
2022-03-08,0.0343991820340842
2022-03-09,-0.0275628682266394
2022-03-10,-0.024199078588518
2022-03-11,-0.0269214572122085
2022-03-14,0.0292452135260771
2022-03-15,0.0286027079535805
2022-03-16,0.006433046066843
2022-03-17,0.0207033457022525
2022-03-18,0.0085013044469824
2022-03-21,0.0205871051810024
2022-03-22,0.0082000622335256
2022-03-23,0.0224246445290211
2022-03-24,0.0037271897838824
2022-03-25,0.0050239164581029
2022-03-28,0.0189537311394666
2022-03-29,-0.006672004367611
2022-03-30,-0.0179355339284297
2022-03-31,-0.0017195372254236
2022-04-01,0.0234171749063764
2022-04-04,-0.0191238186577016
2022-04-05,-0.0186232358282797
2022-04-06,0.001802652223386
2022-04-07,-0.0119802332543348
2022-04-08,-0.0258470825904689
2022-04-11,0.0114573556334338
2022-04-12,0.0162103453254777
2022-04-13,-0.0304470163746892
2022-04-14,-0.0013320267633075
2022-04-18,0.0140166002412595
2022-04-19,-0.0010158753746991
2022-04-20,-0.0048555684586128
2022-04-21,-0.0282153240117426
2022-04-22,0.0067145595736003
2022-04-25,-0.0380427703662323
2022-04-26,-0.0014678167894513
2022-04-27,0.0441656927693323
2022-04-28,-0.0372915233059252
2022-04-29,0.0019642394341826
2022-05-02,0.0095767732684034
2022-05-03,0.0401897959376252
2022-05-04,-0.0573283508762167
2022-05-05,0.0047160605974278
2022-05-06,-0.0337527034887009
2022-05-09,0.0159837960081254
2022-05-10,-0.0532336057078614
2022-05-11,-0.0272623093298877
2022-05-12,0.0314175672078835
2022-05-13,-0.0107296754687827
2022-05-16,0.0251050646691177
2022-05-17,-0.0580734874668335
2022-05-18,-0.0249498754305955
2022-05-19,0.0017454833155579
2022-05-20,0.0393356911077111
2022-05-23,-0.0194031939476418
2022-05-24,0.0011395636246151
2022-05-25,0.0229343065022363
2022-05-26,0.0399480144274056
2022-05-27,-0.0053605008859361
2022-05-31,-0.0008735912981349
2022-06-01,0.0166712088978314
2022-06-02,-0.0393185986366828
2022-06-03,0.0052140417786029
2022-06-06,0.0174333479602485
2022-06-07,-0.0050561606884131
2022-06-08,-0.0366181636259675
2022-06-09,-0.0393947989772462
2022-06-10,-0.0390368364693841
2022-06-13,0.0066504806720124
2022-06-14,0.0199118429533613
2022-06-15,-0.0404588858132342
2022-06-16,0.0114672621220349
2022-06-17,0.0322353403552795
2022-06-21,-0.0038344063407488
2022-06-22,0.0213442541314536
2022-06-23,0.0242215266890759
2022-06-24,0.0
2022-06-27,-0.0302420880220356
2022-06-28,0.0129393451226917
2022-06-29,-0.0181921795808309
2022-06-30,0.0160351344122463
2022-07-01,0.0187535826253516
2022-07-05,0.0095613803552493
2022-07-06,0.0237161045996496
2022-07-07,0.0047036500841903
2022-07-08,-0.0148680310850221
2022-07-11,0.0068106994433468
2022-07-12,-0.0025401010539519
2022-07-13,0.0202755628845907
2022-07-14,0.0113848898233048
2022-07-15,-0.0208588442521118
2022-07-18,0.0263708578099582
2022-07-19,0.0134195430901704
2022-07-20,0.0149812133350325
2022-07-21,-0.0081436531481756
2022-07-22,-0.0074258994182642
2022-07-25,-0.0088653398188529
2022-07-26,0.0336616192088551
2022-07-27,0.003565398960423
2022-07-28,0.0322667267567229
2022-07-29,-0.0061724493021035
2022-08-01,-0.0093307031169368
2022-08-02,0.0375345469156102
2022-08-03,-0.0019281704556456
2022-08-04,-0.0013900056088186
2022-08-05,-0.0029072428773095
2022-08-08,0.0003034327371397
2022-08-09,0.0258571682309409
2022-08-10,-0.0044415481765886
2022-08-11,0.0211995446018703
2022-08-12,0.006313486208385
2022-08-15,-0.0009244754713934
2022-08-16,0.0087465085753873
2022-08-17,-0.0022943952529199
2022-08-18,-0.0152172552244173
2022-08-19,-0.023298574802285
2022-08-22,-0.002031055954628
2022-08-23,0.0017923603982648
2022-08-24,0.0148124633701363
2022-08-25,-0.0384281412609489
2022-08-26,-0.0137850600158757
2022-08-29,-0.0154236528859316
2022-08-30,-0.0106918972111526
2022-08-31,0.0046957074596152
2022-09-01,-0.0137045760938343
2022-09-02,-0.008249214497454
2022-09-06,0.0092115289122793
2022-09-07,-0.009664367666112
2022-09-08,0.0186645112133754
2022-09-09,0.0377848102759422
2022-09-12,-0.0604714798601608
2022-09-13,0.0095099924420558
2022-09-14,-0.0191112938830182
2022-09-15,-0.0110207327043574
2022-09-16,0.0247734953251573
2022-09-19,0.0155442178659777
2022-09-20,-0.0204760888495716
2022-09-21,-0.0063956531044706
2022-09-22,-0.0152391553897725
2022-09-23,0.0022576280621551
2022-09-26,0.0065449112514714
2022-09-27,-0.01273234344588
2022-09-28,-0.0503664565476004
2022-09-29,-0.030499485939197
2022-09-30,0.0302889151541224
2022-10-03,0.0253003902674693
2022-10-04,0.0020511057454123
2022-10-05,-0.0066477859091688
2022-10-06,-0.0374098202898339
2022-10-07,0.0023531098008403
2022-10-10,-0.0103080946833634
2022-10-11,-0.0046155306034266
2022-10-12,0.0330603498019514
2022-10-13,-0.0327711839804149
2022-10-14,0.028706447902294
2022-10-17,0.0093653912728111
2022-10-18,0.0007654748533425
2022-10-19,-0.0032727695280287
2022-10-20,0.0266996655349663
2022-10-21,0.0146939896954612
2022-10-24,0.01915310669509
2022-10-25,-0.0198222889932654
2022-10-26,-0.0309390892916007
2022-10-27,0.0728344757664084
2022-10-28,-0.0155302388888794
2022-10-31,-0.0176982430477009
2022-11-01,-0.0380189823612762
2022-11-02,-0.0433301878251557
2022-11-03,-0.001949313551662
2022-11-04,0.0038947229685721
2022-11-07,0.0041663155242564
2022-11-08,-0.0337532818084572
2022-11-09,0.0852367814248302
2022-11-10,0.0190852757042779
2022-11-11,-0.009531118825377
2022-11-14,0.0117999207312925
2022-11-15,-0.0083665453461608
2022-11-16,0.0128881471753608
2022-11-17,0.0037747042719524
2022-11-18,-0.0219185132428737
2022-11-21,0.0145545548391932
2022-11-22,0.0059088726714517
2022-11-23,-0.0197880495185609
2022-11-25,-0.0266153868198099
2022-11-28,-0.0213754098616029
2022-11-29,0.0474503420921969
2022-11-30,0.001889843705485
2022-12-01,-0.0033769980255878
2022-12-02,-0.0080153760069787
2022-12-05,-0.0256972105111553
2022-12-06,-0.0138806517435784
2022-12-07,0.0120594495155105
2022-12-08,-0.0034409255233708
2022-12-09,0.0162571739700469
2022-12-12,0.0067597472614988
2022-12-13,-0.0156578445457757
2022-12-14,-0.0479875090010237
2022-12-15,-0.0146859397631912
2022-12-16,-0.0160374579725254
2022-12-19,-0.0005290826110241
2022-12-20,0.0235303637515828
2022-12-21,-0.0240597264392065
2022-12-22,-0.002801884013423
2022-12-23,-0.0139755162473349
2022-12-27,-0.0311661584370122
2022-12-28,0.0279306983256901
2022-12-29,0.0024660187719123
2022-12-30,-0.0381222677598793
2023-01-03,0.0102612680896279
2023-01-04,-0.0106611720807715
2023-01-05,0.0361333137986088
2023-01-06,0.0040804903976836
2023-01-09,0.004446553746212
2023-01-10,0.0208924799079626
2023-01-11,-0.0005997800133754
2023-01-12,0.0100688962869195
2023-01-13,0.0087178620898896
2023-01-17,-0.0053843882935558
2023-01-18,0.0004435941849225
2023-01-19,0.0190384418160894
2023-01-20,0.023228740187696
2023-01-23,0.010012661877668
2023-01-24,-0.0047118123441267
2023-01-25,0.0146947422426146
2023-01-26,0.0135916477129783
2023-01-27,-0.0202825457406359
2023-01-30,0.0089804758545141
2023-01-31,0.0078699013635545
2023-02-01,0.0363921092583159
2023-02-02,0.0241069659053347
2023-02-03,-0.0180913590161229
2023-02-06,0.0190617276154624
2023-02-07,-0.0178103921656133
2023-02-08,-0.0069354879642388
2023-02-09,0.0024531706573724
2023-02-10,0.0186323952727055
2023-02-13,-0.004234102578076
2023-02-14,0.0138076653962295
2023-02-15,-0.0104840857475811
2023-02-16,-0.0075754829738434
2023-02-17,-0.0270422964254333
2023-02-21,0.0028920894344977
2023-02-22,0.0032850795403061
2023-02-23,-0.0181695924673174
2023-02-24,0.0082138220686833
2023-02-27,-0.0034537944977956
2023-02-28,-0.0143482804702626
2023-03-01,0.0041205591489172
2023-03-02,0.0344884762405772
2023-03-03,0.0183694157628562
2023-03-06,-0.0146025557771261
2023-03-07,0.0083425518771814
2023-03-08,-0.0150271061726799
2023-03-09,-0.0139757473151325
2023-03-10,0.0131789634346902
2023-03-13,0.0139905267187961
2023-03-14,0.0026180482309157
2023-03-15,0.0185215146072391
2023-03-16,-0.0054689320112464
2023-03-17,0.0153652574230343
2023-03-20,0.0118731811589885
2023-03-21,-0.0091450607933993
2023-03-22,0.0069450824307612
2023-03-23,0.0082713714482464
2023-03-24,-0.0123694691921297
2023-03-27,-0.0039881698731652
2023-03-28,0.0195975906881705
2023-03-29,0.0098412549051894
2023-03-30,0.0155230140733332
2023-03-31,0.0076721640453787
2023-04-03,-0.0032549793632406
2023-04-04,-0.0113547226339496
2023-04-05,0.0054810276822497
2023-04-06,-0.0161011476996826
2023-04-10,-0.0076202403867621
2023-04-11,-0.0043625948858615
2023-04-12,0.0335348519195871
2023-04-13,-0.0021161594240292
2023-04-14,0.0001208806735267
2023-04-17,0.0074768177254912
2023-04-18,0.006944040474302
2023-04-19,-0.0058633785002502
2023-04-20,-0.0098290992535953
2023-04-21,0.0018768347159159
2023-04-24,-0.0094802407379235
2023-04-25,-6.159230296841181e-05
2023-04-26,0.028000090651112
2023-04-27,0.0075124011934522
2023-04-28,-0.0005304906660596
2023-05-01,-0.0062106769661655
2023-05-02,-0.0064882814520872
2023-05-03,-0.0099628252244495
2023-05-04,0.0458590149953767
2023-05-05,-0.000403390557524
2023-05-08,-0.0100210150607335
2023-05-09,0.0103668266170625
2023-05-10,0.0010941478995871
2023-05-11,-0.0054322704251284
2023-05-12,-0.002901493204837
2023-05-15,0.0
2023-05-16,0.003596658010457
2023-05-17,0.0135734204188428
2023-05-18,0.0006283453398565
2023-05-19,-0.0054958888712748
2023-05-22,-0.0152709115785954
2023-05-23,0.0016306270540898
2023-05-24,0.0066700294638186
2023-05-25,0.0140063974523307
2023-05-26,0.0106030233531009
2023-05-30,-0.000282004292157
2023-05-31,0.0158955577906543
2023-06-01,0.0047637890241457
2023-06-02,-0.0075997867864997
2023-06-05,-0.0020623955930505
2023-06-06,-0.0077863588911595
2023-06-07,0.0153466800872298
2023-06-08,0.0021574399681316
2023-06-09,0.0155177262439046
2023-06-12,-0.0026151457492559
2023-06-13,0.0034850910879453
2023-06-14,0.011136732916531
2023-06-15,-0.0058773340856346
2023-06-16,0.0004866041538678
2023-06-20,-0.0056912464894505
2023-06-21,0.0163902696670617
2023-06-22,-0.0017128959700215
2023-06-23,-0.0075816826563534
2023-06-26,0.0149467141717063
2023-06-27,0.0063078626180619
2023-06-28,0.0017949390068603
2023-06-29,0.0228397333816021
2023-06-30,-0.007815151456375
2023-07-03,-0.005888586851834
2023-07-05,0.002505582775822
2023-07-06,-0.0059086819133618
2023-07-07,-0.010915241222468
2023-07-10,-0.0028139154035548
2023-07-11,0.0089454404135855
2023-07-12,0.0040491665111601
2023-07-13,0.0007868056362527
2023-07-14,0.0171576371669009
2023-07-17,-0.0013411915770972
2023-07-18,0.0070468891408287
2023-07-19,-0.0101487120404928
2023-07-20,-0.0061806635772705
2023-07-21,0.0042110886925915
2023-07-24,0.0045035392786524
2023-07-25,0.0045346601401856
2023-07-26,-0.006602621183606
2023-07-27,0.0134174874492035
2023-07-28,0.0031608867752793
2023-07-31,-0.0042850533740278
2023-08-01,-0.015611172224024
2023-08-02,-0.0073487116194586
2023-08-03,-0.0492111084448462
2023-08-04,-0.0174042719836041
2023-08-07,0.0052975315923146
2023-08-08,-0.0089947946339046
2023-08-09,-0.0012352621293569
2023-08-10,0.0003374439755068
2023-08-11,0.0093493715801682
2023-08-14,-0.0112635839168242
2023-08-15,-0.0049713805579563
2023-08-16,-0.0146622547191051
2023-08-17,0.0028121845494196
2023-08-18,0.0077072124569226
2023-08-21,0.0078735774290523
2023-08-22,0.0217116482160861
2023-08-23,-0.0265188964209901
2023-08-24,0.0125636909711274
2023-08-25,0.0088071752824266
2023-08-28,0.02157606779016
2023-08-29,0.018990576456275
2023-08-30,0.0011718085742274
2023-08-31,0.0084277375240343
2023-09-01,0.0012658642741112
2023-09-05,-0.0364495752533161
2023-09-06,-0.0296855523545847
2023-09-07,0.0034855498223956
2023-09-08,0.0066006572164932
2023-09-11,-0.0172078115257609
2023-09-12,-0.0119256231880733
2023-09-13,0.008744220157492
2023-09-14,-0.0041626412120897
2023-09-15,0.0167720602153154
2023-09-18,0.0061618851907349
2023-09-19,-0.0201947581617286
2023-09-20,-0.0089293307986481
2023-09-21,0.0049323512638085
2023-09-22,0.0073532534363134
2023-09-25,-0.0236765506116753
2023-09-26,-0.0089373864165087
2023-09-27,0.0015244381151766
2023-09-28,0.0030418319083463
2023-09-29,0.0147266360880501
2023-10-02,-0.0078001943840527
2023-10-03,0.0072821234465628
2023-10-04,0.00717214517748
2023-10-05,0.0146426773756739
2023-10-06,0.0084158573949939
2023-10-09,-0.0033578312262317
2023-10-10,0.0078729331098621
2023-10-11,0.0050483571337593
2023-10-12,-0.0103460689169917
2023-10-13,-0.0007270233468968
2023-10-16,-0.008823675032496
2023-10-17,-0.0074222047199145
2023-10-18,-0.0021634341411191
2023-10-19,-0.0148133468367156
2023-10-20,0.0006938763681039
2023-10-23,0.0025400723797565
2023-10-24,-0.013583601814804
2023-10-25,-0.0249132252584561
2023-10-26,0.0079377433447952
2023-10-27,0.0122301617773052
2023-10-30,0.0028150036337332
2023-10-31,0.0185650595509564
2023-11-01,0.0204820288850769
2023-11-02,-0.005194712636441
2023-11-03,0.014499748878899
2023-11-06,0.0143472388949297
2023-11-07,0.0058676570495425
2023-11-08,-0.0026278716131107
2023-11-09,0.0229544614030772
2023-11-10,-0.0086208301316075
2023-11-13,0.0141848396351691
2023-11-14,0.0030363247205009
2023-11-15,0.0090012573992592
2023-11-16,-0.0001052629096698
2023-11-17,0.0092355687063877
2023-11-20,-0.004240006242249
2023-11-21,0.0035082633452501
2023-11-22,-0.007028877946371
2023-11-24,-0.0009479309988052
2023-11-27,0.003208802176182
2023-11-28,-0.0054241418940854
2023-11-29,0.0030579894132548
2023-11-30,0.0067682886400985
2023-12-01,-0.0095095817818602
2023-12-04,0.0208443570489578
2023-12-05,-0.0057032812955472
2023-12-06,0.010088306498941
2023-12-07,0.0073849042403487
2023-12-08,-0.013011475602614
2023-12-11,0.0078888923528923
2023-12-12,0.0165536364723784
2023-12-13,0.0007573351470102
2023-12-14,-0.0027292199528392
2023-12-15,-0.0085395828275367
2023-12-18,0.0053457104397168
2023-12-19,-0.0107717914768749
2023-12-20,-0.0007704068755902
2023-12-21,-0.005562798315422
2023-12-22,-0.0028448433566449
2023-12-26,0.0005177666846788
2023-12-27,0.0022238492115208
2023-12-28,-0.0054389097536537
